<?xml version="1.0" encoding="UTF-8"?>
<!DOCTYPE mapper PUBLIC "-//mybatis.org//DTD Mapper 3.0//EN"
"http://mybatis.org/dtd/mybatis-3-mapper.dtd">
<mapper namespace="memberns">

	<!-- 관리자 회원 목록 -->
	<select id="mbList" parameterType="member" resultType="member">
		select * from (select a.*, rowNum rn from (select * from member
			order by created_date desc) a)
			where rn between #{startRow} and #{endRow}
	</select>

	<select id="getMbTotal" parameterType="member" resultType="integer">
		select count(*) from member	<!-- member 행 갯수 -->
	</select>
	 <!-- 아이디로 검색 -->
	<select id="select" parameterType="string" resultType="member">
		select * from member where id=#{id}
	</select>

	<!-- 회원가입 -->
	<insert id="insert" parameterType="member">
		insert into member values(#{id},#{password},#{name},#{call},#{email},#{address},sysdate,'n','n',#{age},#{gender})
	</insert>
	
	<!-- 아이디 찾기 -->
	<select id="selectFindId" parameterType="member" resultType="member">
		select * from member where name=#{name} and call=#{call}
	</select>
	
	<!-- 비밀번호 찾기 -->
	<select id="selectFindPw" parameterType="member" resultType="member">
		select * from member where id=#{id} and email=#{email}
	</select>
	
	<update id="update" parameterType="member">
		update member set email=#{email}, password=#{password},name=#{name}
		where id=#{id}
	</update>
	
	<update id="updatePw" parameterType="member">
		update member set password=#{password} where id=#{id}
	</update>
	
	<update id="delete" parameterType="string">
		update member set del='y' where id=#{id}
	</update>
	
	<update id="MbRollback" parameterType="string">
		update member set del='n' where id=#{id}
	</update>
</mapper> 
